Accuracy,Precision,Recall,F1 Score,ROC AUC
0.718,0.7122567069963177,0.6997416020671835,0.7059436913451512,0.7979736096251666
