{"accuracy": [0.00506766838952899, 0.026948072016239166, 0.05145173892378807, 0.07714779675006866, 0.10212842375040054, 0.12436654418706894, 0.14726047217845917, 0.1693197339773178, 0.18911345303058624, 0.20699934661388397, 0.22577953338623047, 0.24587133526802063, 0.2566624879837036, 0.27186548709869385, 0.2873665988445282, 0.2949382960796356, 0.3087700605392456, 0.31282418966293335, 0.32361534237861633, 0.33434686064720154, 0.18446312844753265, 0.2514159679412842, 0.2853395342826843, 0.3113933205604553, 0.3298754096031189, 0.35115960240364075, 0.3621295988559723, 0.38067132234573364, 0.3895546495914459, 0.4007035195827484], "val_accuracy": [0.02165828086435795, 0.0875082015991211, 0.1601400077342987, 0.217239111661911, 0.2649310827255249, 0.30627870559692383, 0.3430321514606476, 0.3644716739654541, 0.394005686044693, 0.41522642970085144, 0.43250930309295654, 0.43841609358787537, 0.45154231786727905, 0.4659811854362488, 0.4762634038925171, 0.4753883183002472, 0.49310871958732605, 0.49485889077186584, 0.49923428893089294, 0.50820392370224, 0.42222708463668823, 0.5020782947540283, 0.5445197820663452, 0.5828046202659607, 0.6016188859939575, 0.6210894584655762, 0.635965883731842, 0.6447166800498962, 0.6539050340652466, 0.6633121967315674]}