Accuracy,Precision,Recall,F1 Score,ROC AUC
0.791,0.7920331091567512,0.7791348600508906,0.7855310415597743,0.8718812636369888
