Accuracy,Precision,Recall,F1 Score,ROC AUC
0.77925,0.7728215767634855,0.7700258397932817,0.7714211752523945,0.8645031314325757
