Accuracy,Precision,Recall,F1 Score,ROC AUC
0.9564441506939855,0.9623627109563354,0.9500198333994446,0.9561514405482734,0.992969911297587
