{
  "accuracy": [
    0.0009539140155538917,
    0.0011327728861942887,
    0.0013116317568346858,
    0.0013116317568346858,
    0.0012520122108981013,
    0.0012520122108981013,
    0.001371251419186592,
    0.00166934949811548,
    0.0019078280311077833,
    0.0017885888228192925,
    0.0018482084851711988,
    0.002027067355811596
  ],
  "loss": [
    6.655663013458252,
    6.584574222564697,
    6.580295085906982,
    6.577807903289795,
    6.575799465179443,
    6.574875831604004,
    6.5742950439453125,
    6.573916435241699,
    6.573670387268066,
    6.573532581329346,
    6.5734381675720215,
    6.573371887207031
  ],
  "val_accuracy": [
    0.0017501640832051635,
    0.001968934666365385,
    0.001968934666365385,
    0.001968934666365385,
    0.001968934666365385,
    0.001968934666365385,
    0.001968934666365385,
    0.001968934666365385,
    0.001968934666365385,
    0.001968934666365385,
    0.001968934666365385,
    0.001968934666365385
  ],
  "val_loss": [
    6.58203125,
    6.578227519989014,
    6.575965881347656,
    6.574636459350586,
    6.5738749504089355,
    6.573453426361084,
    6.573227405548096,
    6.573132514953613,
    6.573105812072754,
    6.573116302490234,
    6.573147773742676,
    6.5731916427612305
  ]
}